Index,Customer Reference,Manufacturer Part Number,Manufacturer Name,Attrition %,Requested Quantity 1,Pack Quantity 1,Pack Type 1,Digi-Key Part Number 1,Unit Price 1,Extended Price 1,Minimum Order Quantity 1,Product Notes
1,TERM,TB002-500-02BE,Same Sky (Formerly CUI Devices),,10,10,Bag,102-6145-ND,0.24200,$2.42,1,
2,F1_FUSE_HOLDER,3557-15,Keystone Electronics,,1,1,Bulk,36-3557-15-ND,1.31000,$1.31,1,
3,F1,0287001.PXCN,Littelfuse Inc.,,1,1,Bulk,F4191-ND,0.44000,$0.44,1,
4,Q1,MMBT3904,Diotec Semiconductor,,1,1,Cut Tape (CT),4878-MMBT3904CT-ND,0.12000,$0.12,1,
5,"R11,R12",ERJ-2RKF2403X,Panasonic Industry,,2,2,Cut Tape (CT),P240KLCT-ND,0.10000,$0.20,1,
6,"R10,R14,R15,R16",ERJ-2RKF1003X,Panasonic Industry,,4,4,Cut Tape (CT),P100KLCT-ND,0.10000,$0.40,1,
7,"R8,R9",ERJ-2RKF2700X,Panasonic Industry,,2,2,Cut Tape (CT),P270LCT-ND,0.10000,$0.20,1,
8,R6,ERJ-2RKF1002X,Panasonic Industry,,1,1,Cut Tape (CT),P10.0KLCT-ND,0.10000,$0.10,1,
9,"R5,R7",ERJ-2RKF1001X,Panasonic Industry,,2,2,Cut Tape (CT),P1.00KLCT-ND,0.10000,$0.20,1,
10,"R13,R17",ERJ-2RKF2001X,Panasonic Industry,,2,2,Cut Tape (CT),P2.00KLCT-ND,0.10000,$0.20,1,
11,U1,TLV70033DDCR,Texas Instruments,,1,1,Cut Tape (CT),296-27937-1-ND,0.24000,$0.24,1,
12,U2,PCM5101AQPWRQ1,Texas Instruments,,1,1,Cut Tape (CT),296-37276-1-ND,2.55000,$2.55,1,
13,U3,PS1440P02BT,TDK,,1,1,Cut Tape (CT),445-5242-1-ND,0.78000,$0.78,1,
14,U5,TS5A23159DGSR,Texas Instruments,,1,1,Cut Tape (CT),296-18598-1-ND,0.80000,$0.80,1,
15,J1,MEM2075-00-140-01-A,GCT,,1,1,Cut Tape (CT),2073-MEM2075-00-140-01-ACT-ND,1.92000,$1.92,1,
16,"C2,C6,C8",GRT155C80J106ME13J,Murata Electronics,,3,3,Cut Tape (CT),490-GRT155C80J106ME13JCT-ND,0.28000,$0.84,1,
17,"C14,C16,C17,C18",GRT155R61A475ME13D,Murata Electronics,,2,2,Cut Tape (CT),490-GRT155R61A475ME13DCT-ND,0.15000,$0.30,1,
18,C15,GRT155R61A105KE01D,Murata Electronics,,1,1,Cut Tape (CT),490-GRT155R61A105KE01DCT-ND,0.10000,$0.10,1,
19,"C9,C10",GRT155R61A225KE01D,Murata Electronics,,2,2,Cut Tape (CT),490-12253-1-ND,0.16000,$0.32,1,
20,"C3,C5,C7,C11",GRT155R71H104KE01D,Murata Electronics,,4,4,Cut Tape (CT),490-GRT155R71H104KE01DCT-ND,0.10000,$0.40,1,
21,"C1,C4",CGA3E1X7R1C105K080DC,TDK,,2,2,Cut Tape (CT),445-CGA3E1X7R1C105K080DCCT-ND,0.13000,$0.26,1,"No Backorders Allowed. "
22,,1N5408,Diotec Semiconductor,,1,1,Cut Tape (CT),4878-1N5408CT-ND,0.35000,$0.35,1,
23,"C12, C13",GRM1555C1H222JA01D,Murata Electronics,,2,2,Cut Tape (CT),490-GRM1555C1H222JA01DCT-ND,0.10000,$0.20,1,
24,"R18,R19,R20,R21,R22,R23,R24",RK73H1ETTP4702F,"KOA Speer Electronics, Inc.",,7,7,Cut Tape (CT),2019-RK73H1ETTP4702FCT-ND,0.10000,$0.70,1,
